family,cell,rq,model_size_b,retrieval_level,useful_snippets,coverage_chunks,attacker_structure,defender_structure,n,seeds,episodes,win_rate,win_ci_low,win_ci_high,ident_rate,ident_ci_low,ident_ci_high,def_tokens_mean,def_tokens_ci_low,def_tokens_ci_high,atk_tokens_mean,atk_tokens_ci_low,atk_tokens_ci_high,efficiency,eff_ci_low,eff_ci_high,fallback_rate
capacity_win,cap_0.5b,RQ1,0.5,fid_strong,4,NA,single,single,32,0-31,32,0.767,0.641,0.894,0.109,0.015,0.204,99.1,73.5,124.8,261.7,233.1,290.3,7.74,6.468,9.021,0.0
capacity_win,cap_1.5b,RQ1,1.5,fid_strong,4,NA,single,single,32,0-31,32,0.632,0.478,0.785,0.281,0.138,0.424,105,75.8,134.2,224.8,206.6,243.0,6.019,4.552,7.476,0.0
capacity_win,cap_7b,RQ1,7,fid_strong,4,NA,single,single,32,0-31,32,0.65,0.502,0.798,0.141,0.032,0.249,116.1,92.6,139.6,216.4,202.8,230.1,5.599,4.324,6.873,0.0
capacity_win,cap_14b,RQ1,14,fid_strong,4,NA,single,single,32,0-31,32,0.463,0.311,0.616,0.203,0.074,0.332,135.0,109.8,160.3,274.7,257.5,291.9,3.43,2.304,4.563,0.0
capacity_identification,capclean_visible_0.5b,RQ1,0.5,none,0,NA,single,single,63,0-62,63,0.723,0.627,0.819,0.151,0.073,0.229,110.9,92.1,129.6,258.2,240.3,276.0,6.519,5.654,7.385,0.042
capacity_identification,capclean_visible_1.5b,RQ1,1.5,none,0,NA,single,single,64,0-63,64,0.537,0.429,0.645,0.375,0.269,0.481,127.5,107.0,148.0,227.7,217.6,237.8,4.212,3.365,5.059,0.0
capacity_identification,capclean_visible_7b,RQ1,7,none,0,NA,single,single,64,0-63,64,0.581,0.477,0.686,0.328,0.217,0.439,100.2,86.1,114.2,221.2,214.2,228.2,5.798,4.76,6.846,0.0
capacity_identification,capclean_visible_14b,RQ1,14,none,0,NA,single,single,64,0-63,64,0.153,0.076,0.229,0.609,0.498,0.721,99.9,83.5,116.2,279.1,270.2,288.0,1.532,0.761,2.292,0.0
retrieval_fidelity,fid_none,RQ2,7,none,NA,NA,single,single,32,0-31,32,0.73,0.587,0.873,0.172,0.045,0.299,119.3,94.2,144.5,218.6,204.8,232.5,6.119,4.92,7.318,0.0
retrieval_fidelity,fid_poison,RQ2,7,poison,0,NA,single,single,32,0-31,32,0.791,0.669,0.912,0.031,-0.029,0.092,123.3,101.0,145.6,217.5,203.7,231.2,6.415,5.426,7.397,0.0
retrieval_fidelity,fid_weak,RQ2,7,weak,1,NA,single,single,32,0-31,32,0.81,0.691,0.928,0.031,-0.029,0.092,121.9,100.1,143.7,217.8,204.0,231.5,6.645,5.669,7.613,0.0
retrieval_fidelity,fid_mid,RQ2,7,mid,2,NA,single,single,32,0-31,32,0.875,0.773,0.977,0.047,-0.02,0.113,121.7,98.2,145.1,219.2,205.3,233.0,7.19,6.352,8.028,0.0
retrieval_fidelity,fid_strong,RQ2,7,strong,4,NA,single,single,32,0-31,32,0.902,0.812,0.993,0.047,-0.02,0.113,122.9,99.1,146.7,218.9,205.1,232.7,7.339,6.607,8.08,0.0
retrieval_fidelity,fid_filler,RQ2,7,filler,NA,NA,single,single,32,0-31,32,0.692,0.547,0.837,0.203,0.067,0.339,114.8,90.6,138.9,218.0,204.2,231.8,6.028,4.765,7.291,0.0
retrieval_coverage,cov_min,RQ2,7,cov,4,1,single,single,32,0-31,32,0.511,0.365,0.657,0.281,0.132,0.431,97.8,76.9,118.8,215.1,201.3,228.9,5.225,3.732,6.718,0.0
retrieval_coverage,cov_mid,RQ2,7,cov,4,5,single,single,32,0-31,32,0.683,0.54,0.825,0.141,0.032,0.249,113.2,90.0,136.5,216.1,202.3,229.8,6.034,4.77,7.288,0.0
retrieval_coverage,cov_full,RQ2,7,cov,4,20,single,single,32,0-31,32,0.707,0.568,0.847,0.125,0.019,0.231,118.7,94.7,142.7,216.3,202.6,230.1,5.956,4.785,7.136,0.0
structure,SS,RQ3,7,fid_strong,4,NA,single,single,32,0-31,32,0.641,0.49,0.792,0.141,0.032,0.249,115.5,91.7,139.4,216.6,202.9,230.3,5.55,4.242,6.857,0.0
structure,SM,RQ3,7,fid_strong,4,NA,single,multi,32,0-31,32,0.78,0.654,0.907,0.016,-0.015,0.046,285.8,231.9,339.6,217.6,203.8,231.4,2.729,2.288,3.174,0.0
structure,MS,RQ3,7,fid_strong,4,NA,multi,single,32,0-31,32,0.309,0.187,0.431,0.531,0.382,0.681,114.5,93.2,135.8,470.7,438.9,502.5,2.699,1.633,3.764,0.0
structure,MM,RQ3,7,fid_strong,4,NA,multi,multi,32,0-31,32,0.434,0.301,0.567,0.406,0.254,0.559,239.2,190.8,287.7,466.9,433.2,500.6,1.814,1.258,2.37,0.0
